step	loss	ctype_acc	lr
0	3.745849609375	0.09375	2e-08
499	3.351806640625	0.093374248496994	1e-05
999	3.33868408203125	0.1033125	2e-05
1499	3.47149658203125	0.102125	3e-05
1999	3.264923095703125	0.1085625	4e-05
2499	3.11822509765625	0.1184375	5e-05
2999	3.413970947265625	0.1201875	6e-05
3499	3.268707275390625	0.126625	7e-05
3999	3.3818359375	0.1283125	8e-05
4499	3.49737548828125	0.12875	9e-05
4999	3.44671630859375	0.139875	0.0001
5499	3.3927001953125	0.1460625	9.646194926568759e-05
5999	3.1964111328125	0.149375	9.612817089452604e-05
6499	3.0732879638671875	0.1648125	9.579439252336449e-05
6999	3.1947479248046875	0.1729375	9.546061415220294e-05
7499	3.3946533203125	0.17525	9.512683578104139e-05
7999	3.2713165283203125	0.187625	9.479305740987985e-05
8499	3.1331329345703125	0.1949375	9.445927903871829e-05
8999	2.9577713012695312	0.2079375	9.412550066755674e-05
9499	3.27923583984375	0.2129375	9.37917222963952e-05
9999	2.72039794921875	0.229125	9.345794392523365e-05
10499	3.05426025390625	0.2281875	9.312416555407209e-05
10999	3.0178680419921875	0.236125	9.279038718291055e-05
11499	2.8446731567382812	0.2460625	9.2456608811749e-05
11999	2.8809242248535156	0.26	9.212283044058745e-05
12499	2.9279518127441406	0.2698125	9.17890520694259e-05
12999	3.0872421264648438	0.2728125	9.145527369826435e-05
13499	2.868011474609375	0.283625	9.112149532710282e-05
13999	2.7956008911132812	0.2864375	9.078771695594125e-05
14499	3.42657470703125	0.2931875	9.04539385847797e-05
14999	2.617992401123047	0.3091875	9.012016021361817e-05
15499	2.596843719482422	0.312	8.978638184245662e-05
15999	3.1911468505859375	0.323125	8.945260347129505e-05
16499	2.6201114654541016	0.328875	8.911882510013352e-05
16999	2.713794708251953	0.33675	8.878504672897197e-05
17499	2.9662742614746094	0.3448125	8.845126835781042e-05
17999	2.9733123779296875	0.3491875	8.811748998664887e-05
18499	2.781402587890625	0.3615	8.778371161548732e-05
18999	2.941131591796875	0.370125	8.744993324432578e-05
19499	2.2812232971191406	0.3785	8.711615487316423e-05
19999	2.728445053100586	0.3830625	8.678237650200267e-05
20499	2.816152572631836	0.386875	8.644859813084113e-05
20999	2.4159371852874756	0.3976875	8.611481975967958e-05
21499	2.4800491333007812	0.4103125	8.578104138851803e-05
21999	1.8781991004943848	0.41925	8.544726301735648e-05
22499	2.3425793647766113	0.4241875	8.511348464619493e-05
22999	2.091442108154297	0.426625	8.477970627503338e-05
23499	2.1280629634857178	0.43625	8.444592790387183e-05
23999	2.460188150405884	0.43975	8.411214953271028e-05
24499	1.6285439729690552	0.452875	8.377837116154874e-05
24999	1.8798317909240723	0.45457957957957956	8.34445927903872e-05
25499	2.2241673469543457	0.5019375	8.311081441922563e-05
25999	1.8121020793914795	0.502125	8.27770360480641e-05
26499	2.1184844970703125	0.5089375	8.244325767690254e-05
26999	2.032379627227783	0.513	8.2109479305741e-05
27499	1.6774756908416748	0.52375	8.177570093457944e-05
27999	1.6668808460235596	0.520875	8.14419225634179e-05
28499	2.5178475379943848	0.522625	8.110814419225634e-05
28999	1.7586891651153564	0.5393125	8.07743658210948e-05
29499	1.4087001085281372	0.538625	8.044058744993324e-05
29999	2.025174140930176	0.54075	8.01068090787717e-05
30499	1.7517449855804443	0.5479375	7.977303070761016e-05
30999	1.5528583526611328	0.55375	7.94392523364486e-05
31499	1.9974462985992432	0.559625	7.910547396528706e-05
31999	2.4376821517944336	0.5543125	7.877169559412551e-05
32499	1.8541362285614014	0.569125	7.843791722296396e-05
32999	1.681894302368164	0.572375	7.810413885180241e-05
33499	1.9116870164871216	0.577625	7.777036048064086e-05
33999	1.550494909286499	0.570375	7.743658210947931e-05
34499	1.4899847507476807	0.581625	7.710280373831776e-05
34999	1.5649561882019043	0.5756875	7.676902536715621e-05
35499	1.6618728637695312	0.5780625	7.643524699599466e-05
35999	1.5345430374145508	0.5921875	7.610146862483312e-05
36499	1.3817695379257202	0.5969375	7.576769025367156e-05
36999	1.7839123010635376	0.6043125	7.543391188251002e-05
37499	1.4303932189941406	0.5986875	7.510013351134847e-05
37999	1.9000271558761597	0.6103125	7.476635514018692e-05
38499	1.5034123659133911	0.610875	7.443257676902537e-05
38999	1.0924909114837646	0.6114375	7.409879839786382e-05
39499	1.7947001457214355	0.6185625	7.376502002670227e-05
39999	1.2048332691192627	0.6170625	7.343124165554073e-05
40499	1.4277909994125366	0.6278125	7.309746328437917e-05
40999	1.3618381023406982	0.6234375	7.276368491321762e-05
41499	1.300040364265442	0.622	7.242990654205608e-05
41999	1.7461848258972168	0.632625	7.209612817089453e-05
42499	1.1915398836135864	0.6361875	7.176234979973297e-05
42999	1.2838588953018188	0.6419375	7.142857142857143e-05
43499	1.8605403900146484	0.6535625	7.109479305740988e-05
43999	1.273576259613037	0.657375	7.076101468624833e-05
44499	1.4300700426101685	0.6509375	7.042723631508678e-05
44999	0.568801999092102	0.6639375	7.009345794392523e-05
45499	1.7471734285354614	0.6551875	6.97596795727637e-05
45999	1.3313833475112915	0.6575	6.942590120160213e-05
46499	1.0206525325775146	0.670875	6.909212283044058e-05
46999	1.0557730197906494	0.67525	6.875834445927905e-05
47499	1.3800864219665527	0.6633125	6.84245660881175e-05
47999	1.0311367511749268	0.6735	6.809078771695593e-05
48499	1.511225700378418	0.6816875	6.77570093457944e-05
48999	0.8077874183654785	0.694375	6.742323097463285e-05
49499	1.3627734184265137	0.6766875	6.70894526034713e-05
49999	1.291015625	0.6826201201201201	6.675567423230975e-05
50499	1.4071812629699707	0.7364375	6.64218958611482e-05
50999	1.2151715755462646	0.734125	6.608811748998666e-05
51499	0.7484503984451294	0.73875	6.57543391188251e-05
51999	0.6646353006362915	0.74825	6.542056074766355e-05
52499	1.3054611682891846	0.7545625	6.508678237650201e-05
52999	0.8734785914421082	0.7644375	6.475300400534046e-05
53499	0.8857544660568237	0.7681875	6.44192256341789e-05
53999	0.8970774412155151	0.7711875	6.408544726301736e-05
54499	0.9781619906425476	0.7808125	6.375166889185581e-05
54999	0.7739461660385132	0.785125	6.341789052069427e-05
55499	0.9868807196617126	0.7863125	6.308411214953271e-05
55999	0.8401336669921875	0.79375	6.275033377837116e-05
56499	0.9085953831672668	0.78875	6.241655540720962e-05
56999	1.1062265634536743	0.8005	6.208277703604807e-05
57499	0.5806435942649841	0.7984375	6.174899866488651e-05
57999	0.3810618221759796	0.8044375	6.141522029372497e-05
58499	0.7948480248451233	0.8129375	6.108144192256342e-05
58999	0.6460711359977722	0.8195	6.074766355140187e-05
59499	0.8338741064071655	0.828	6.0413885180240324e-05
59999	0.7444323897361755	0.8251875	6.0080106809078774e-05
60499	0.4835926294326782	0.8368125	5.9746328437917224e-05
60999	0.28336238861083984	0.841125	5.941255006675568e-05
61499	0.5751615166664124	0.84375	5.9078771695594124e-05
61999	0.7998848557472229	0.8474375	5.874499332443259e-05
62499	0.28005504608154297	0.850125	5.841121495327103e-05
62999	0.4257119596004486	0.855	5.807743658210948e-05
63499	0.6033208966255188	0.857875	5.774365821094794e-05
63999	0.29220765829086304	0.8631875	5.740987983978639e-05
64499	0.399044007062912	0.868125	5.707610146862483e-05
64999	0.5627647042274475	0.8730625	5.674232309746329e-05
65499	0.2977501451969147	0.8714375	5.640854472630174e-05
65999	0.2580861747264862	0.872375	5.607476635514019e-05
66499	0.8771654367446899	0.8835	5.5740987983978644e-05
66999	0.2097478061914444	0.88575	5.540720961281709e-05
67499	0.3864835202693939	0.8923125	5.507343124165555e-05
67999	0.3238745927810669	0.8926875	5.4739652870493994e-05
68499	0.18098968267440796	0.896	5.4405874499332444e-05
68999	0.2877732515335083	0.897375	5.40720961281709e-05
69499	0.14119800925254822	0.8980625	5.373831775700935e-05
69999	0.22293639183044434	0.905125	5.3404539385847794e-05
70499	0.17135636508464813	0.9009375	5.307076101468626e-05
70999	0.2714480757713318	0.9105625	5.27369826435247e-05
71499	0.1626153141260147	0.9128125	5.240320427236315e-05
71999	0.08366648852825165	0.915125	5.206942590120161e-05
72499	0.3579120635986328	0.9184375	5.173564753004006e-05
72999	0.20105434954166412	0.92475	5.14018691588785e-05
73499	0.35582736134529114	0.9231875	5.106809078771696e-05
73999	0.4408314824104309	0.927125	5.073431241655541e-05
74499	0.10983449220657349	0.926375	5.0400534045393864e-05
74999	0.24173849821090698	0.9328078078078078	5.0066755674232314e-05
75499	0.4918787181377411	0.9459375	4.9732977303070764e-05
75999	0.3356069326400757	0.9486875	4.9399198931909214e-05
76499	0.15282446146011353	0.948	4.9065420560747664e-05
76999	0.22614094614982605	0.9485625	4.873164218958612e-05
77499	0.05025028437376022	0.9529375	4.8397863818424564e-05
77999	0.1735893189907074	0.9520625	4.806408544726302e-05
78499	0.1829579919576645	0.9543125	4.773030707610147e-05
78999	0.18117880821228027	0.9545625	4.739652870493993e-05
79499	0.04858803749084473	0.953875	4.706275033377837e-05
79999	0.1248735785484314	0.9576875	4.672897196261683e-05
80499	0.17118056118488312	0.958875	4.639519359145528e-05
80999	0.3331035375595093	0.9575	4.606141522029373e-05
81499	0.09817859530448914	0.961125	4.572763684913218e-05
81999	0.11999738961458206	0.96125	4.539385847797063e-05
82499	0.04165268316864967	0.9631875	4.5060080106809084e-05
82999	0.010406963527202606	0.962125	4.472630173564753e-05
83499	0.4356045722961426	0.9643125	4.4392523364485984e-05
83999	0.03705863654613495	0.9620625	4.4058744993324434e-05
84499	0.16387689113616943	0.966125	4.372496662216289e-05
84999	0.05982053652405739	0.964875	4.3391188251001334e-05
85499	0.046491578221321106	0.9655625	4.305740987983979e-05
85999	0.062307827174663544	0.9658125	4.272363150867824e-05
86499	0.13284215331077576	0.9646875	4.238985313751669e-05
86999	0.25585561990737915	0.9695625	4.205607476635514e-05
87499	0.14811739325523376	0.9686875	4.17222963951936e-05
87999	0.07735194265842438	0.9685625	4.138851802403205e-05
88499	0.07482990622520447	0.9679375	4.10547396528705e-05
88999	0.02331741899251938	0.9694375	4.072096128170895e-05
89499	0.10680133104324341	0.973125	4.03871829105474e-05
89999	0.02639230713248253	0.971125	4.005340453938585e-05
90499	0.1722388118505478	0.9744375	3.97196261682243e-05
90999	0.2435121387243271	0.9738125	3.9385847797062754e-05
91499	0.04924788326025009	0.9709375	3.9052069425901204e-05
91999	0.1042470932006836	0.97375	3.8718291054739654e-05
92499	0.11917346715927124	0.975375	3.8384512683578104e-05
92999	0.26754140853881836	0.972375	3.805073431241656e-05
93499	0.043478552252054214	0.9755	3.771695594125501e-05
93999	0.19755540788173676	0.975625	3.738317757009346e-05
94499	0.07233066111803055	0.9743125	3.704939919893191e-05
94999	0.06675797700881958	0.976375	3.671562082777037e-05
95499	0.12288807332515717	0.9765	3.638184245660881e-05
95999	0.0473051480948925	0.9755	3.604806408544727e-05
96499	0.010397668927907944	0.9779375	3.571428571428572e-05
96999	0.0659109503030777	0.978875	3.538050734312417e-05
97499	0.0028319060802459717	0.979875	3.504672897196262e-05
97999	0.06644998490810394	0.9799375	3.471295060080107e-05
98499	0.00365515798330307	0.9783125	3.4379172229639524e-05
98999	0.09280465543270111	0.9803125	3.404539385847797e-05
99499	0.07997160404920578	0.9818125	3.3711615487316424e-05
99999	0.06260209530591965	0.9817942942942943	3.3377837116154874e-05
100499	0.027927380055189133	0.9865	3.304405874499333e-05
100999	0.11245869100093842	0.9864375	3.2710280373831774e-05
101499	0.01672252267599106	0.987125	3.237650200267023e-05
101999	0.017939221113920212	0.986125	3.204272363150868e-05
102499	0.030873499810695648	0.9861875	3.170894526034714e-05
102999	0.2531026303768158	0.9880625	3.137516688918558e-05
103499	0.09932839870452881	0.9875	3.104138851802404e-05
103999	0.08616192638874054	0.987875	3.070761014686249e-05
104499	0.007271911948919296	0.9893125	3.0373831775700934e-05
104999	0.009877476841211319	0.988125	3.0040053404539387e-05
105499	0.014007426798343658	0.9890625	2.970627503337784e-05
105999	0.08593124151229858	0.9894375	2.9372496662216294e-05
106499	0.0024816133081912994	0.98975	2.903871829105474e-05
106999	0.041777800768613815	0.9895	2.8704939919893194e-05
107499	0.002135366201400757	0.9883125	2.8371161548731644e-05
107999	0.030970018357038498	0.98875	2.8037383177570094e-05
108499	0.004092108458280563	0.9893125	2.7703604806408544e-05
108999	0.2500523030757904	0.988375	2.7369826435246997e-05
109499	0.11687810719013214	0.990375	2.703604806408545e-05
109999	0.006349328905344009	0.989375	2.6702269692923897e-05
110499	0.0047759562730789185	0.990375	2.636849132176235e-05
110999	0.009680237621068954	0.989	2.6034712950600804e-05
111499	0.001913648098707199	0.9918125	2.570093457943925e-05
111999	0.011875461786985397	0.9905	2.5367156208277704e-05
112499	0.0031565912067890167	0.9896875	2.5033377837116157e-05
112999	0.061311155557632446	0.9916875	2.4699599465954607e-05
113499	0.030056755989789963	0.9918125	2.436582109479306e-05
113999	0.034245558083057404	0.9906875	2.403204272363151e-05
114499	0.0007416121661663055	0.99075	2.3698264352469964e-05
114999	0.015187140554189682	0.9915	2.3364485981308414e-05
115499	0.0642552375793457	0.9905625	2.3030707610146864e-05
115999	0.015748415142297745	0.9904375	2.2696929238985313e-05
116499	0.274283766746521	0.9911875	2.2363150867823763e-05
116999	0.005919910967350006	0.9910625	2.2029372496662217e-05
117499	0.07241672277450562	0.9916875	2.1695594125500667e-05
117999	0.06986158341169357	0.9908125	2.136181575433912e-05
118499	0.011257369071245193	0.9915	2.102803738317757e-05
118999	0.0013849809765815735	0.9923125	2.0694259012016024e-05
119499	0.01042959839105606	0.992125	2.0360480640854473e-05
119999	0.036417216062545776	0.992125	2.0026702269692923e-05
120499	0.0634351447224617	0.9916875	1.9692923898531377e-05
120999	0.02392178401350975	0.9926875	1.9359145527369827e-05
121499	0.134198859333992	0.9920625	1.902536715620828e-05
121999	0.001981087028980255	0.993125	1.869158878504673e-05
122499	0.000569656491279602	0.992	1.8357810413885184e-05
122999	0.04162554442882538	0.993	1.8024032042723633e-05
123499	0.006464380770921707	0.992875	1.7690253671562083e-05
123999	0.1155417412519455	0.9920625	1.7356475300400533e-05
124499	0.03445810824632645	0.9925625	1.7022696929238983e-05
124999	0.00023020803928375244	0.9933683683683684	1.6688918558077437e-05
125499	0.004226714372634888	0.9949375	1.6355140186915887e-05
125999	0.03087017312645912	0.995625	1.602136181575434e-05
126499	0.01282370463013649	0.9953125	1.568758344459279e-05
126999	0.0007043555378913879	0.9956875	1.5353805073431243e-05
127499	0.0001670457422733307	0.994625	1.5020026702269693e-05
127999	0.00013218820095062256	0.9953125	1.4686248331108147e-05
128499	0.002704046666622162	0.995375	1.4352469959946597e-05
128999	0.024329286068677902	0.996	1.4018691588785047e-05
129499	0.010764572769403458	0.9953125	1.3684913217623498e-05
129999	0.21684864163398743	0.9950625	1.3351134846461948e-05
130499	0.0005340799689292908	0.9949375	1.3017356475300402e-05
130999	0.0014008358120918274	0.99625	1.2683578104138852e-05
131499	0.026963867247104645	0.9956875	1.2349799732977303e-05
131999	0.002105399966239929	0.9959375	1.2016021361815755e-05
132499	0.0005547478795051575	0.9946875	1.1682242990654207e-05
132999	0.005235593765974045	0.9960625	1.1348464619492657e-05
133499	0.0024960413575172424	0.994625	1.1014686248331108e-05
133999	0.0005526579916477203	0.995	1.068090787716956e-05
134499	0.005669534206390381	0.9963125	1.0347129506008012e-05
134999	0.012917306274175644	0.9958125	1.0013351134846462e-05
135499	0.0024600327014923096	0.99575	9.679572763684913e-06
135999	0.005293350666761398	0.9965625	9.345794392523365e-06
136499	0.005962982773780823	0.9956875	9.012016021361817e-06
136999	0.03598536178469658	0.995625	8.678237650200267e-06
137499	0.08722113072872162	0.995625	8.344459279038718e-06
137999	0.0002688877284526825	0.995625	8.01068090787717e-06
138499	0.0006506629288196564	0.9954375	7.676902536715622e-06
138999	0.0006033703684806824	0.995875	7.343124165554073e-06
139499	0.0008358322083950043	0.9959375	7.009345794392523e-06
139999	0.0001404881477355957	0.99525	6.675567423230974e-06
140499	0.0001267753541469574	0.99675	6.341789052069426e-06
140999	0.0012735538184642792	0.995	6.0080106809078775e-06
141499	0.0033684298396110535	0.9961875	5.674232309746328e-06
141999	0.0012465566396713257	0.996625	5.34045393858478e-06
142499	0.012726984918117523	0.9969375	5.006675567423231e-06
142999	0.001427140086889267	0.995625	4.6728971962616825e-06
143499	0.0002466663718223572	0.9959375	4.339118825100133e-06
143999	0.006023705005645752	0.9958125	4.005340453938585e-06
144499	0.006769847124814987	0.9960625	3.6715620827770367e-06
144999	0.017734140157699585	0.996625	3.337783711615487e-06
145499	0.02017601951956749	0.995625	3.0040053404539388e-06
145999	0.0035025589168071747	0.9960625	2.67022696929239e-06
146499	0.0008928626775741577	0.9965625	2.3364485981308413e-06
146999	0.015763863921165466	0.995625	2.0026702269692925e-06
147499	0.0015488825738430023	0.9965	1.6688918558077436e-06
147999	0.002921842038631439	0.996625	1.335113484646195e-06
148499	0.0012456327676773071	0.99675	1.0013351134846463e-06
148999	0.002690587192773819	0.9954375	6.675567423230975e-07
149499	0.07503138482570648	0.99575	3.3377837116154875e-07
149999	0.00022324919700622559	0.9956831831831832	0.0
